{
  "train_loss": [
    0.6133588407770058,
    0.4759510268021181,
    0.4513674020078141,
    0.43885235273080064,
    0.4258631977731782,
    0.4131609127356138,
    0.4030285603393709,
    0.39721921568661067,
    0.3934627369993684,
    0.39064557221583546,
    0.3895727484729249,
    0.3900539633855654,
    0.38648482373339593,
    0.3827099605447295,
    0.38200725503050526,
    0.38004239825155006,
    0.3784212242661184,
    0.3775417395582089,
    0.377488269454482,
    0.3755180566986172
  ],
  "train_acc": [
    0.661871357804778,
    0.7740612753553887,
    0.785642101930056,
    0.7942562351337058,
    0.804027969092992,
    0.8122326225214611,
    0.8176787461159546,
    0.8206033582632253,
    0.8216213256637485,
    0.8238495309228842,
    0.8245119490375409,
    0.8240941697462446,
    0.8255408833481673,
    0.8270556041271011,
    0.8280296990637145,
    0.8291979666390171,
    0.8296040231092817,
    0.8297242077788866,
    0.8305388496101247,
    0.8313623246429973
  ],
  "train_precision": [
    0.6614143066323561,
    0.8075963165718696,
    0.8185403653651993,
    0.8233437329702984,
    0.8323687159946199,
    0.8375715947564627,
    0.8386296688476739,
    0.8383304032287157,
    0.8385919515108098,
    0.839363949836334,
    0.8398498382871551,
    0.8393683471431622,
    0.8387699878284697,
    0.841438089492004,
    0.8410257070050763,
    0.8423572761475007,
    0.8441518207505948,
    0.84237225069476,
    0.844078759237521,
    0.8446321745828397
  ],
  "train_recall": [
    0.9880589770443867,
    0.8444964003700741,
    0.8496974179510436,
    0.8554049223833691,
    0.8640320645591427,
    0.8729165513391439,
    0.882216150705525,
    0.8882108757950667,
    0.8912860671908869,
    0.8934044889631988,
    0.8955946575010443,
    0.8940159774929113,
    0.8986304267982527,
    0.8952349269321199,
    0.8976092111168569,
    0.8980187232783764,
    0.8980079996103496,
    0.8958374225679849,
    0.8996484241733661,
    0.8976345472253127
  ],
  "train_f1": [
    0.789299891854634,
    0.8241652849903035,
    0.8325492586468862,
    0.8379691233132602,
    0.846479714391889,
    0.853821509468057,
    0.8590126080610119,
    0.8618790315524966,
    0.8633391364696218,
    0.8648467358685924,
    0.8661118011910188,
    0.864797091037782,
    0.8669100071852524,
    0.8667805063677871,
    0.8677907765845998,
    0.8687436549647569,
    0.869729519642757,
    0.8675189974091025,
    0.8702508077031209,
    0.869634122052948
  ],
  "val_loss": [
    0.5163851720094681,
    0.45769965708255766,
    0.4501961225271225,
    0.43730454802513125,
    0.4213303732872009,
    0.41263557195663453,
    0.4039609980583191,
    0.40032868206501004,
    0.3954357308149338,
    0.39897807359695436,
    0.3925183343887329,
    0.39070665419101713,
    0.3901612442731857,
    0.38682481706142424,
    0.38672921538352967,
    0.3908985537290573,
    0.3846955692768097,
    0.3854929584264755,
    0.389212926030159,
    0.3821864891052246
  ],
  "val_acc": [
    0.7364842319488525,
    0.7780610013008118,
    0.7853576910495758,
    0.7955435824394226,
    0.8051280534267425,
    0.811926851272583,
    0.8178936064243316,
    0.8194010770320892,
    0.8208381485939026,
    0.8210094380378723,
    0.8233962666988373,
    0.8239093768596649,
    0.8255487966537476,
    0.8261550545692444,
    0.8264057850837707,
    0.8243146407604217,
    0.828401802778244,
    0.826491287946701,
    0.8254450416564941,
    0.8279956209659577
  ],
  "val_precision": [
    0.727203551530838,
    0.8179729390144348,
    0.7937333250045776,
    0.8535129988193512,
    0.8452291333675385,
    0.8577079749107361,
    0.8353487300872803,
    0.8365057528018951,
    0.8417743408679962,
    0.8225420844554902,
    0.8507462954521179,
    0.8266713607311249,
    0.8471012234687805,
    0.8369036018848419,
    0.8425891411304474,
    0.8645660567283631,
    0.8459981727600098,
    0.8482067489624023,
    0.8641461944580078,
    0.8409323155879974
  ],
  "val_recall": [
    0.9458125519752503,
    0.8397648990154266,
    0.8990024542808532,
    0.8210231482982635,
    0.8510808610916137,
    0.8460504758358002,
    0.8916071581840516,
    0.8929982209205627,
    0.8864571332931519,
    0.9192833256721497,
    0.87763343334198,
    0.9176527082920074,
    0.8877698898315429,
    0.9048532569408416,
    0.8958029961585998,
    0.8595692133903503,
    0.8949781274795532,
    0.8877607691287994,
    0.8629565346240997,
    0.9020271003246307
  ],
  "val_f1": [
    0.821433544313433,
    0.8280910349775507,
    0.8425618067871713,
    0.8363126869790743,
    0.8476375249873555,
    0.8514186647784959,
    0.8620839852756623,
    0.8634399680941601,
    0.8631638403016315,
    0.867797182994178,
    0.8636275652596219,
    0.8694459228569366,
    0.8665354774622811,
    0.869123423294643,
    0.8680115359215617,
    0.8615789468398707,
    0.8694313334192494,
    0.8670783081002458,
    0.8631076628430344,
    0.8699715257160037
  ]
}