{
  "train_loss": [
    0.6218710670925979,
    0.5777802381212311,
    0.5680369436740875,
    0.5582526619034696,
    0.551158489519461,
    0.5436020767413123,
    0.53893988687179,
    0.5354711942245506,
    0.5329649662006797,
    0.5289257220450164,
    0.529689103020409,
    0.5328232770021251,
    0.5267594232724581,
    0.516896820481802,
    0.5157005575006408,
    0.5154365607768814,
    0.5131265674367805,
    0.5101201432633262,
    0.5107187911265159,
    0.5089498231176696
  ],
  "train_acc": [
    0.6604067538514992,
    0.7010490060541671,
    0.7064046625457058,
    0.7157346368525069,
    0.7200781727112786,
    0.7268620236760619,
    0.727674234120143,
    0.7289846053702294,
    0.730853732955249,
    0.7342802971773754,
    0.7309117193166921,
    0.7303120180361533,
    0.7368859169800157,
    0.7437609003458409,
    0.7440054416656494,
    0.7435289252700145,
    0.7459207180607526,
    0.7478736907760531,
    0.7469031638492739,
    0.7479295282694646
  ],
  "train_precision": [
    0.6686131887008689,
    0.7274150521079928,
    0.7303152787203044,
    0.7379831365078171,
    0.7436906123436944,
    0.7445876139049241,
    0.7549560707428552,
    0.7542649328364113,
    0.7557529114574366,
    0.7609174799367872,
    0.7551443842105093,
    0.7649951873487131,
    0.7604660384916846,
    0.767244306602919,
    0.7690136780628579,
    0.7679182142880611,
    0.7703144715700535,
    0.7717202991419445,
    0.7718531227525259,
    0.7726271662408906
  ],
  "train_recall": [
    0.9357870944662591,
    0.8549230200362343,
    0.8638877386302617,
    0.8619223609136019,
    0.8584086529781364,
    0.8524779311429731,
    0.8544410384459302,
    0.8563121946560854,
    0.8569597836174717,
    0.8552139694291043,
    0.8510404677060298,
    0.8414877476547494,
    0.8624288295045753,
    0.8605319871378772,
    0.8559289640084856,
    0.8582163828645828,
    0.8584130423606475,
    0.859291446346768,
    0.8566265485190243,
    0.8577523479571921
  ],
  "train_f1": [
    0.77283075906409,
    0.7818530162005916,
    0.7883116792053811,
    0.7926332165254446,
    0.7937230794750618,
    0.7928700398012006,
    0.7989168277110678,
    0.7996290997472438,
    0.800906218868953,
    0.802628887134192,
    0.7983642029818272,
    0.7949419029619538,
    0.8050632326127605,
    0.809582676895995,
    0.8083740159539589,
    0.8083711477058447,
    0.8102460033997216,
    0.811528379121952,
    0.8097260395008211,
    0.8106731923338579
  ],
  "val_loss": [
    0.5962492823600769,
    0.6080425661802292,
    0.5739027214050293,
    0.5693052577972412,
    0.5895291715860367,
    0.6056633806228637,
    0.5630031251907348,
    0.5694406580924988,
    0.5952020412683487,
    0.5900221121311188,
    0.5464728653430939,
    0.565330148935318,
    0.5553106766939163,
    0.5451242905855179,
    0.5426838874816895,
    0.5293225252628326,
    0.531538514494896,
    0.5283029395341873,
    0.5299918591976166,
    0.5216634511947632
  ],
  "val_acc": [
    0.6791510713100434,
    0.6744476723670959,
    0.7042054271697998,
    0.7053522396087647,
    0.692795352935791,
    0.7011449265480042,
    0.710387431383133,
    0.7071292972564698,
    0.7053721559047699,
    0.7043421530723571,
    0.7253426504135132,
    0.7125384497642517,
    0.7214505505561829,
    0.7290359711647034,
    0.727899752855301,
    0.7349397337436676,
    0.7343820679187775,
    0.7380543351173401,
    0.735642204284668,
    0.738873119354248
  ],
  "val_precision": [
    0.7164003086090088,
    0.6742407715320587,
    0.7149687588214875,
    0.7380950212478637,
    0.6909916079044343,
    0.6986044383049012,
    0.7072759258747101,
    0.7029704892635346,
    0.7001372766494751,
    0.6979736196994781,
    0.737297226190567,
    0.7055831003189087,
    0.723546633720398,
    0.7363581001758576,
    0.7293236935138703,
    0.7451182055473328,
    0.7436253809928894,
    0.7560137462615967,
    0.7473069572448731,
    0.7680814790725708
  ],
  "val_recall": [
    0.797743970155716,
    0.9657639765739441,
    0.9027962923049927,
    0.8417251896858216,
    0.9521719753742218,
    0.9467117607593536,
    0.9419859838485718,
    0.9463969314098358,
    0.9525598466396332,
    0.9578332042694092,
    0.8915594887733459,
    0.9537270402908326,
    0.9201602792739868,
    0.9026445579528809,
    0.9189951682090759,
    0.8933312380313874,
    0.896367369890213,
    0.8760069584846497,
    0.8899131190776824,
    0.8508073604106903
  ],
  "val_f1": [
    0.7481688025625495,
    0.7921541858895038,
    0.7958100513727563,
    0.7833002490484645,
    0.7990856395723478,
    0.8025600743500897,
    0.8066210557292472,
    0.8056678645929507,
    0.805835970005689,
    0.8062957696919578,
    0.8057366810641351,
    0.8100269266878154,
    0.8088414681492089,
    0.809911519553404,
    0.8122449168007119,
    0.8114097679615924,
    0.8117855496922918,
    0.8103871519064784,
    0.8111815310242979,
    0.8059898279381623
  ]
}