{
  "train_loss": [
    0.6243279259328898,
    0.5820434734311407,
    0.5658497210871967,
    0.5625398868770268,
    0.5550397622447483,
    0.5527844025909556,
    0.5463518863813036,
    0.5443853379329505,
    0.5430098484361792,
    0.5407872561774502,
    0.5372836808593286,
    0.5347909548379093,
    0.538067971178562,
    0.5346098724817265,
    0.5291594699283556,
    0.5278948595413583,
    0.5274314072435302,
    0.5303798462614159,
    0.5247878046394083,
    0.5243649474113663
  ],
  "train_acc": [
    0.6591224804779009,
    0.6968133876778487,
    0.7091202167417273,
    0.7107644494558345,
    0.7165788053777177,
    0.718992948187569,
    0.7217625538048716,
    0.7252913193206567,
    0.7250464627508483,
    0.7268295484471183,
    0.7269205781765756,
    0.7306830121602627,
    0.7292929977350842,
    0.7320426051327259,
    0.7348462232964577,
    0.7353932481969712,
    0.7353037995410103,
    0.7338478703030272,
    0.7368227732663899,
    0.7373566617166376
  ],
  "train_precision": [
    0.6648241815539454,
    0.720984503196154,
    0.7336371144807408,
    0.7355852295897599,
    0.7449643401741293,
    0.7456005064049208,
    0.7504368965336353,
    0.7510704229332809,
    0.7508094028241372,
    0.7539271860453435,
    0.7555963245430434,
    0.756007077032431,
    0.7540517783578421,
    0.7574197746425695,
    0.7587962791409796,
    0.7612490371472573,
    0.7629025702531627,
    0.7609112617597414,
    0.7612431211278617,
    0.7614076437288626
  ],
  "train_recall": [
    0.9658979832092461,
    0.8593662980663983,
    0.8612206574809345,
    0.8573069958328512,
    0.8506528345835691,
    0.8555508269739978,
    0.8481717690222526,
    0.8509536764525265,
    0.8484597867623919,
    0.8506555092128026,
    0.8521307083223596,
    0.8491304864773171,
    0.8574758416655436,
    0.8524642073350146,
    0.851626552426057,
    0.8547156852793831,
    0.8522975596389329,
    0.8542549720389305,
    0.8573408726322858,
    0.8560400877384781
  ],
  "train_f1": [
    0.7826253740675614,
    0.7795635205966004,
    0.7891743846902992,
    0.7883495662577387,
    0.7916237450392216,
    0.7934872378353922,
    0.793511942018587,
    0.7952567660596429,
    0.7943284961895705,
    0.7968232079561747,
    0.7986049941290168,
    0.7975159447294912,
    0.8002467246904342,
    0.7994256376891853,
    0.8006858136232817,
    0.803243916078542,
    0.801958602466593,
    0.8016038787883157,
    0.8044206939865024,
    0.8036162283983251
  ],
  "val_loss": [
    0.5960166120529174,
    0.597737455368042,
    0.5738236439228058,
    0.5604549533128739,
    0.5678324633836747,
    0.5847327733039855,
    0.5694975316524505,
    0.5523192644119262,
    0.5447356736660004,
    0.5650913298130036,
    0.5541873574256897,
    0.5449217742681504,
    0.5427243274450302,
    0.5441602718830109,
    0.5396960037946701,
    0.545487596988678,
    0.5376637077331543,
    0.5525769919157029,
    0.5335199171304703,
    0.5313695001602173
  ],
  "val_acc": [
    0.683703271150589,
    0.6827399218082428,
    0.7030118930339814,
    0.7104281544685364,
    0.7028533399105072,
    0.6992123925685882,
    0.7098553335666656,
    0.7180476808547973,
    0.7226591801643372,
    0.7142242884635925,
    0.7158043313026429,
    0.7247285497188568,
    0.726202918291092,
    0.7246740257740021,
    0.7279155611991882,
    0.722837724685669,
    0.7279138469696045,
    0.7150123000144959,
    0.72780766248703,
    0.7326716077327728
  ],
  "val_precision": [
    0.701950672864914,
    0.6818268442153931,
    0.7054309606552124,
    0.7362063038349151,
    0.701689931154251,
    0.6967521667480469,
    0.7109699857234955,
    0.726953593492508,
    0.7427261912822724,
    0.7126702249050141,
    0.7197444653511047,
    0.7321330070495605,
    0.7494865608215332,
    0.729667409658432,
    0.7463330113887787,
    0.7239008927345276,
    0.7303548526763916,
    0.7086367201805115,
    0.7460000956058502,
    0.7471475219726562
  ],
  "val_recall": [
    0.8459042632579803,
    0.9613058519363403,
    0.9326904308795929,
    0.8607774925231934,
    0.9388455605506897,
    0.9497203052043914,
    0.9266619217395783,
    0.9005759155750275,
    0.8696412360668182,
    0.9321938109397888,
    0.9181169509887696,
    0.90371830701828,
    0.8627905321121215,
    0.9099081289768219,
    0.8743477714061737,
    0.9204917335510254,
    0.9166908359527588,
    0.9493489158153534,
    0.8771899974346161,
    0.8844085955619811
  ],
  "val_f1": [
    0.7646327964576065,
    0.7958181283319251,
    0.8011586820198268,
    0.7907329553219156,
    0.8019979017977893,
    0.8021893246410323,
    0.8033788484733535,
    0.80308062202757,
    0.7995246917516193,
    0.8069207513384911,
    0.8055005897030456,
    0.8077271935000738,
    0.8006658444931464,
    0.8089193897679442,
    0.8036819406031406,
    0.8096670097169114,
    0.8119772923869547,
    0.8105550656450149,
    0.804526655651686,
    0.8086275755275407
  ]
}