{
  "train_loss": [
    0.6531847949661961,
    0.5951897119511069,
    0.5753438793165835,
    0.5671184591819786,
    0.556341567652763,
    0.5543856209929968,
    0.5474249465617141,
    0.5449855329328879,
    0.539734705335143,
    0.5356862777574903,
    0.5318928932867988,
    0.5300294501933059,
    0.5281377751703207,
    0.5270224180869284,
    0.5230580483902396,
    0.5217802279946432,
    0.5190010935584933,
    0.5157723237324312,
    0.515674669274016,
    0.5114604800595024
  ],
  "train_acc": [
    0.6064632083639244,
    0.6805431131338109,
    0.703516742397595,
    0.7103082075973467,
    0.717101940529884,
    0.7170331801982285,
    0.7210333529924382,
    0.7240674947038551,
    0.7282529092593,
    0.7319828544048904,
    0.7341124181113491,
    0.7364752192717756,
    0.7366484665457224,
    0.736481787841444,
    0.7388546025821928,
    0.7406687660713416,
    0.7418442485649461,
    0.7450649286970238,
    0.745592921110936,
    0.7479988863702455
  ],
  "train_precision": [
    0.5619474563295441,
    0.6979211010684857,
    0.7274760414410189,
    0.732169844856152,
    0.7398128399270119,
    0.745119126890436,
    0.7457216871267109,
    0.7494862947849869,
    0.7513913498448499,
    0.7559015271980638,
    0.7598311094879415,
    0.7615874957487073,
    0.7600467119775066,
    0.7632409744180007,
    0.7648590710121772,
    0.7640429366530711,
    0.7649674894492751,
    0.7674880882219083,
    0.7672846620482516,
    0.7691845762936366
  ],
  "train_recall": [
    0.8531050447676051,
    0.8975670285996674,
    0.8652748286379555,
    0.8643298734819269,
    0.8638854571160554,
    0.8514675205153537,
    0.8550792925619666,
    0.8495635410523139,
    0.8558580365484161,
    0.8579920389059651,
    0.8547298470673533,
    0.855433801350566,
    0.8548698735374936,
    0.8542767997421971,
    0.8528375915020188,
    0.8593216131877348,
    0.8581960473446487,
    0.8608860811057119,
    0.8648463391155177,
    0.8638959392646833
  ],
  "train_f1": [
    0.6720704920951466,
    0.7799402411837874,
    0.7866763403189112,
    0.7900048423746705,
    0.7944739734184637,
    0.7906390423388899,
    0.7944156801313469,
    0.7923253543732478,
    0.7981040490653886,
    0.8015230098953862,
    0.8025541099794461,
    0.8033783999694021,
    0.8024387543699344,
    0.8038360534833568,
    0.8035373521231071,
    0.8066062100555464,
    0.8071341160628194,
    0.8094912743945322,
    0.8113445008980684,
    0.8119068546091053
  ],
  "val_loss": [
    0.6139655601978302,
    0.5864932250976562,
    0.5758053427934646,
    0.5646869993209839,
    0.5570026028156281,
    0.5628690326213837,
    0.5539194071292877,
    0.5439796757698059,
    0.5399146032333374,
    0.538773273229599,
    0.5358947110176087,
    0.5312983494997024,
    0.5286243885755539,
    0.5317199057340622,
    0.5297217649221421,
    0.5254222172498703,
    0.5243271112442016,
    0.5253222924470902,
    0.5168518376350403,
    0.5205105942487717
  ],
  "val_acc": [
    0.6518529820442199,
    0.695623025894165,
    0.7016774392127991,
    0.7077069437503815,
    0.7145288217067719,
    0.7101085221767426,
    0.7146907866001129,
    0.7227127170562744,
    0.7245224642753602,
    0.7295667862892151,
    0.7295097088813782,
    0.732391015291214,
    0.7342123031616211,
    0.732153080701828,
    0.7342918515205383,
    0.7382767236232758,
    0.7375711011886597,
    0.7362418830394745,
    0.7415115821361542,
    0.7396112394332885
  ],
  "val_precision": [
    0.6518529856204986,
    0.7226867294311523,
    0.7138446521759033,
    0.734431928396225,
    0.7344247090816498,
    0.7142048454284669,
    0.716765228509903,
    0.7422828888893127,
    0.7632259321212769,
    0.7408008325099945,
    0.752270655632019,
    0.7692724227905273,
    0.7533022320270538,
    0.7395971739292144,
    0.7462028193473816,
    0.7528795564174652,
    0.7567671370506287,
    0.7451968228816986,
    0.7691532325744629,
    0.7596064603328705
  ],
  "val_recall": [
    1.0,
    0.8623480474948884,
    0.90103755235672,
    0.8564351308345795,
    0.8745572590827941,
    0.9215164446830749,
    0.9233626842498779,
    0.8739404284954071,
    0.8282935070991516,
    0.8932601034641265,
    0.8637389743328094,
    0.833537768125534,
    0.8726827418804168,
    0.9000342297554016,
    0.889245992898941,
    0.8832742726802826,
    0.871793018579483,
    0.8966593503952026,
    0.8536715459823608,
    0.870136057138443
  ],
  "val_f1": [
    0.7871919849386262,
    0.7825759783441151,
    0.7941876727646278,
    0.7880708070749464,
    0.7963044554976009,
    0.8030254258312702,
    0.8057581455381879,
    0.8009288597580696,
    0.792256410293225,
    0.8087552977929824,
    0.8026905225589783,
    0.7985210452954221,
    0.807289784671099,
    0.8109366991753042,
    0.8104046550272037,
    0.8117314845806576,
    0.8089306806721938,
    0.8128815741341513,
    0.8079230297568794,
    0.8098701401989663
  ]
}