{
  "train_loss": [
    0.6263564242792956,
    0.5879586314879401,
    0.580820341503,
    0.5739491225322547,
    0.5656621382071104,
    0.55850544227341,
    0.5539019188784451,
    0.5514326529695809,
    0.5468769268148896,
    0.5430900451075824,
    0.5415375651307188,
    0.5410768777304302,
    0.5375797168023324,
    0.5332381444514831,
    0.5333997645130047,
    0.5330144182450509,
    0.5270362039866475,
    0.5253648494364899,
    0.526849908980331,
    0.5253016938363886
  ],
  "train_acc": [
    0.6596323739242003,
    0.6912099998121317,
    0.6952054042347594,
    0.7018946888129836,
    0.7086996825444216,
    0.7152893777527561,
    0.7195761307126525,
    0.7211046336014146,
    0.7219824508435464,
    0.7243969044244358,
    0.7247102002187961,
    0.7266890513414592,
    0.7292004975280321,
    0.7323023132506133,
    0.7314179680940044,
    0.7321330133201069,
    0.7359402324422936,
    0.7362138508372225,
    0.7367223253139871,
    0.7375583762378362
  ],
  "train_precision": [
    0.6685206959013305,
    0.7209324099424946,
    0.7231518953521817,
    0.7301200955589383,
    0.7369980715602809,
    0.7455480963508517,
    0.7465008700514115,
    0.7502553621468516,
    0.752216528950399,
    0.7516932266985061,
    0.7528321811918578,
    0.7554220081753813,
    0.7557258654192004,
    0.7588330195473798,
    0.7580790798788126,
    0.7596960984213503,
    0.7618735773714981,
    0.762847672652647,
    0.7617957561002301,
    0.7673045527728307
  ],
  "train_recall": [
    0.9474349957325555,
    0.8491516905712944,
    0.8545305077740223,
    0.8563816943609646,
    0.8502937596657373,
    0.8480564421311968,
    0.8484084177223933,
    0.8463028717592272,
    0.8459558404249952,
    0.8507292436037449,
    0.8422259323169731,
    0.8504907664536052,
    0.853636247918785,
    0.8500253923366524,
    0.8521987351378953,
    0.8516383527675805,
    0.8527212928485319,
    0.8504790332965079,
    0.8546619012176646,
    0.847528491750618
  ],
  "train_f1": [
    0.7786835147821721,
    0.7737855724817183,
    0.779580105158622,
    0.7846941557172473,
    0.786040521632623,
    0.7900943441435717,
    0.7914609727255947,
    0.792212377093096,
    0.793656628666614,
    0.7958991882296196,
    0.7914513031273015,
    0.7973686311342729,
    0.7998567359606544,
    0.8001160638454248,
    0.8004366423156161,
    0.8003855356794229,
    0.8031729914981833,
    0.8023736563834653,
    0.8037921159554995,
    0.8031088822764739
  ],
  "val_loss": [
    0.5972118508815766,
    0.5812167769670487,
    0.5773262596130371,
    0.5726691746711731,
    0.5682791185379028,
    0.5633577144145966,
    0.5610096937417984,
    0.5597328299283981,
    0.5594537037611008,
    0.5544061332941055,
    0.567752406001091,
    0.5717817091941834,
    0.5608207386732101,
    0.5691965049505234,
    0.5549183225631714,
    0.5553756219148636,
    0.5537208223342895,
    0.5588910150527954,
    0.555040431022644,
    0.5604528260231018
  ],
  "val_acc": [
    0.6770345735549926,
    0.6916044759750366,
    0.6970999312400817,
    0.7061412882804871,
    0.7084848368167878,
    0.7127353847026825,
    0.7158571088314056,
    0.7165356147289276,
    0.7163672184944153,
    0.7216589558124542,
    0.7152655982971191,
    0.7153155887126923,
    0.7177456533908844,
    0.714144446849823,
    0.7208699631690979,
    0.7194918799400329,
    0.7235037899017334,
    0.722765429019928,
    0.7226321470737457,
    0.7210392343997956
  ],
  "val_precision": [
    0.716447958946228,
    0.7143778836727143,
    0.7326331061124801,
    0.7206567788124084,
    0.7210245585441589,
    0.7336083269119262,
    0.7242053484916687,
    0.7230389523506164,
    0.7254093241691589,
    0.7304894208908081,
    0.7217096519470215,
    0.7195487010478974,
    0.7278437614440918,
    0.7125000131130218,
    0.7360995972156524,
    0.719411039352417,
    0.7292503547668457,
    0.7293826794624328,
    0.7319571077823639,
    0.7220210897922515
  ],
  "val_recall": [
    0.7937363648414612,
    0.831986398100853,
    0.8244785248488188,
    0.8915401339530945,
    0.8942759013175965,
    0.8739674353599548,
    0.9061302447319031,
    0.9105213236808777,
    0.9044204556941986,
    0.9009942352771759,
    0.9094889545440674,
    0.9174510431289673,
    0.9012124705314636,
    0.9343529081344605,
    0.8847724938392639,
    0.9262183010578156,
    0.9082430529594422,
    0.907179604768753,
    0.8986629366874694,
    0.9236176443099976
  ],
  "val_f1": [
    0.7476209511037807,
    0.7643523069922076,
    0.7682135631253224,
    0.7943847549506512,
    0.796719234138707,
    0.795292510975709,
    0.8030539642020003,
    0.8044252455867432,
    0.8031912265427645,
    0.805229741146424,
    0.8031907718162941,
    0.8047864258337247,
    0.8032353353751123,
    0.8072192398808423,
    0.8018300141210652,
    0.8086964608413661,
    0.807591709345811,
    0.8071633848994226,
    0.8053857115497725,
    0.8092058964897544
  ]
}