{
  "train_loss": [
    0.6094922239036229,
    0.5817294966623273,
    0.5712798155112073,
    0.5619523225492136,
    0.557978363567694,
    0.552184966947302,
    0.5505090733139502,
    0.5449025040072513,
    0.5467109538916218,
    0.5388239945979477,
    0.5413119999659544,
    0.5362868756917171,
    0.5345851684236802,
    0.5329111697356825,
    0.5306678719258722,
    0.528951771686532,
    0.5275313950687475,
    0.526201077968399,
    0.5254970263539022,
    0.5231399441385545
  ],
  "train_acc": [
    0.6718859936116058,
    0.6958589540051587,
    0.705451587376567,
    0.710691737990848,
    0.714702308177948,
    0.7190062855020424,
    0.7200951166235643,
    0.7249884047260174,
    0.7228446227277634,
    0.7290160328666598,
    0.7261144884059884,
    0.7293386373216706,
    0.7312762844080181,
    0.7324604326589949,
    0.7325881375053714,
    0.7343851782683003,
    0.7348558944084741,
    0.7368697400037953,
    0.7375465765853838,
    0.7381909624000506
  ],
  "train_precision": [
    0.6938181905388143,
    0.7228369566401994,
    0.7312904327591031,
    0.7361211904211541,
    0.7381593088883196,
    0.7475847381387832,
    0.7460073632311959,
    0.7503976604842038,
    0.7522641503052905,
    0.7536872036195215,
    0.7519830716827701,
    0.7555592900755778,
    0.7560806644789745,
    0.7591976506172577,
    0.7590475230547734,
    0.7589403377102979,
    0.7610392970156807,
    0.7580529315278709,
    0.765272364451017,
    0.7635534464279351
  ],
  "train_recall": [
    0.8957619362139289,
    0.853407176588312,
    0.8591521134266275,
    0.8539594177565822,
    0.8599179259614448,
    0.8522178995816004,
    0.850849241190563,
    0.8555479206446278,
    0.84731390400429,
    0.8551667336094586,
    0.8539361076892455,
    0.8505706497699539,
    0.849276120952099,
    0.8542429997741832,
    0.8534117537426811,
    0.8523048596575081,
    0.8518508548681447,
    0.8532825991769747,
    0.849218770603224,
    0.8559711541054565
  ],
  "train_f1": [
    0.7726215845103068,
    0.7783820605598166,
    0.7867408005982223,
    0.7878733752468237,
    0.7912137928210811,
    0.7928254702289304,
    0.7920322691480179,
    0.7969761704573598,
    0.7928731393067887,
    0.7991953361845849,
    0.796315223089228,
    0.7978618009408471,
    0.7977874174130508,
    0.8020046798550088,
    0.8011450975416388,
    0.8011284106841153,
    0.8019177053155094,
    0.8010883662045787,
    0.8027260320592874,
    0.805445838134954
  ],
  "val_loss": [
    0.5951053822040557,
    0.5833386528491974,
    0.5683033275604248,
    0.5674180239439011,
    0.5713501584529876,
    0.5620852828025817,
    0.5497334390878678,
    0.5466285651922226,
    0.5499944430589676,
    0.5436370432376861,
    0.5418183153867722,
    0.5407041490077973,
    0.5459564590454101,
    0.5429357725381851,
    0.5357258868217468,
    0.5368967366218567,
    0.5291526460647583,
    0.5456814670562744,
    0.5408817207813263,
    0.5425573831796646
  ],
  "val_acc": [
    0.6838925158977509,
    0.6971713268756866,
    0.7050147581100464,
    0.7034221303462982,
    0.7057761931419373,
    0.7098861801624298,
    0.7201946032047272,
    0.7208713972568512,
    0.7197386193275451,
    0.7257620882987976,
    0.7267245531082154,
    0.7266579329967499,
    0.7230552351474762,
    0.725057543516159,
    0.7331984531879425,
    0.7343858623504639,
    0.7345062875747681,
    0.7200446093082428,
    0.7252009642124176,
    0.7266209816932678
  ],
  "val_precision": [
    0.7035571038722992,
    0.7170387160778046,
    0.7255934238433838,
    0.744007122516632,
    0.70938445687294,
    0.72339280128479,
    0.7546272885799408,
    0.7664807307720184,
    0.7261641895771027,
    0.760579606294632,
    0.769653217792511,
    0.7527359175682068,
    0.7694556057453156,
    0.7827706384658814,
    0.7556956946849823,
    0.7533276116847992,
    0.7600052356719971,
    0.787376583814621,
    0.772823361158371,
    0.764662514925003
  ],
  "val_recall": [
    0.8867731469869614,
    0.8862530696392059,
    0.8788232254981995,
    0.8264861822128295,
    0.922539472579956,
    0.8905829322338105,
    0.8381103622913361,
    0.8135542303323746,
    0.9106558179855346,
    0.836585168838501,
    0.8202532196044922,
    0.8597631537914276,
    0.8151334297657012,
    0.7907560104131699,
    0.8660378956794739,
    0.8740081202983856,
    0.8585008382797241,
    0.7742691957950592,
    0.8126880395412445,
    0.8339223098754883
  ],
  "val_f1": [
    0.7796922080944805,
    0.7883504720927729,
    0.7909250281668903,
    0.7777890698910254,
    0.8002150181538481,
    0.7961760862693721,
    0.7909758746432485,
    0.7855212207551499,
    0.8061873947798966,
    0.7949708542907692,
    0.7913996015099302,
    0.7999415713664955,
    0.7887862319174067,
    0.7837171046414514,
    0.8056516505947495,
    0.8077159019086813,
    0.8046912740888418,
    0.7770167484883652,
    0.7887547410612186,
    0.794313593327631
  ]
}