{
  "train_loss": [
    0.5805563933587488,
    0.5692677809668414,
    0.5597397068332386,
    0.5539472804248677,
    0.5508904565620973,
    0.5455096408810919,
    0.5438837079988049,
    0.5421552089597449,
    0.5376251911841377,
    0.5333733083195769,
    0.5295888960706017,
    0.5285655201515022,
    0.5261721686820764,
    0.5257042953044693,
    0.5220584416320558,
    0.5184468030929565,
    0.5172388348620751,
    0.5120511513224916,
    0.5138512041871948,
    0.5133240569189105
  ],
  "train_acc": [
    0.696869933536287,
    0.705901863258009,
    0.7132928777981355,
    0.717680010492402,
    0.721578544963991,
    0.7250309865598734,
    0.7248147192028905,
    0.7264728818325638,
    0.730944484300007,
    0.7330734040695808,
    0.7342748497262855,
    0.7353062967344516,
    0.7370029505277644,
    0.7359581100458354,
    0.7400903357246708,
    0.7419692091859145,
    0.7411939174453647,
    0.7461931757155181,
    0.7443290952313153,
    0.7451583743095398
  ],
  "train_precision": [
    0.7257315228784704,
    0.7321759079922141,
    0.7406312165232752,
    0.7469001515752318,
    0.7460565277606765,
    0.7515878201909147,
    0.7518771649096053,
    0.7511969815099859,
    0.7593331719409524,
    0.7585820848542142,
    0.7605046481755428,
    0.7625154997572045,
    0.7620923877451461,
    0.7624588353785476,
    0.7657862085138443,
    0.7644415017152797,
    0.7659194083572123,
    0.7705384093212944,
    0.7696733333471882,
    0.7710706471018709
  ],
  "train_recall": [
    0.8511872932401007,
    0.8541683726917112,
    0.8486319370352464,
    0.8457651687489898,
    0.8589563331852069,
    0.8448134316185306,
    0.8504280816612905,
    0.8544016680276463,
    0.847911750822398,
    0.8545846305141559,
    0.8509101750533705,
    0.851550916371318,
    0.8575667949081156,
    0.8503045980640919,
    0.8531966181848779,
    0.852010488423998,
    0.8535695682371283,
    0.8578963510562919,
    0.8587807041372177,
    0.8567353204495645
  ],
  "train_f1": [
    0.7777545238879501,
    0.7849336278300322,
    0.7880325230851765,
    0.787686800606834,
    0.7954857827867668,
    0.792084398309303,
    0.7957002296340174,
    0.7967917381971972,
    0.7986959820606853,
    0.8020750180441324,
    0.8009322885020682,
    0.80227404971288,
    0.8049997264310539,
    0.8011694255530017,
    0.8055642181461646,
    0.8038950957264858,
    0.8055397965823241,
    0.8103393679349691,
    0.8096920346254385,
    0.8096400336957932
  ],
  "val_loss": [
    0.6014520263671875,
    0.5851834857463837,
    0.564008132815361,
    0.5752750700712204,
    0.5801403176784515,
    0.5628202265501022,
    0.5634863406419754,
    0.552623530626297,
    0.5449718666076661,
    0.549291615486145,
    0.5546115612983704,
    0.5522675025463104,
    0.5376006716489792,
    0.5746724385023118,
    0.5392602479457855,
    0.5333764898777008,
    0.5355557262897491,
    0.5461056178808212,
    0.5394116473197937,
    0.5276797449588776
  ],
  "val_acc": [
    0.6835216319561005,
    0.6991125285625458,
    0.7115892040729522,
    0.7052777874469757,
    0.7048392939567566,
    0.7125940275192261,
    0.7106862926483154,
    0.7168656837940216,
    0.7219168174266816,
    0.7158450138568878,
    0.7173529636859893,
    0.7170650207996369,
    0.7251147043704986,
    0.7096070110797882,
    0.7266091632843018,
    0.726709086894989,
    0.7271785449981689,
    0.7221114420890808,
    0.7272675681114197,
    0.7321158540248871
  ],
  "val_precision": [
    0.6838856506347656,
    0.7135343289375305,
    0.7158062732219697,
    0.7187510263919831,
    0.7126970887184143,
    0.7152789223194123,
    0.7144615006446838,
    0.7406312251091003,
    0.7310729277133942,
    0.7292651987075806,
    0.7239893901348115,
    0.7220904493331909,
    0.7523868262767792,
    0.7123189961910248,
    0.7413562071323395,
    0.7652667021751404,
    0.7695099675655365,
    0.7343732440471649,
    0.7568917882442474,
    0.7567894673347473
  ],
  "val_recall": [
    0.9524207878112793,
    0.8926860022544861,
    0.9194680488109589,
    0.8990155494213105,
    0.9129521143436432,
    0.9221992456912994,
    0.9203430473804474,
    0.8663684225082398,
    0.8977919495105744,
    0.8919457709789276,
    0.9094843399524689,
    0.9092482829093933,
    0.8566353619098663,
    0.9209081554412841,
    0.8839906430244446,
    0.8310866260528564,
    0.8221280336380005,
    0.8931444692611694,
    0.8504006433486938,
    0.8603078079223633
  ],
  "val_f1": [
    0.7941854287311395,
    0.7906154065576945,
    0.8032290401022973,
    0.7953648589479423,
    0.7975130829125586,
    0.8040715359085722,
    0.8025776701587125,
    0.795249924561399,
    0.8044788084979122,
    0.8000473732709437,
    0.8043588197729793,
    0.8036233828791046,
    0.7984697597461623,
    0.8019504515064478,
    0.804614477416461,
    0.7939050989690721,
    0.792811639653179,
    0.803859598888319,
    0.7984124736982069,
    0.8033362388607675
  ]
}