{
  "train_loss": [
    0.6478446305142662,
    0.6050311843783869,
    0.5898679074524456,
    0.5804751139844773,
    0.574155431606866,
    0.569933623247753,
    0.567157415296301,
    0.5649656748151504,
    0.5648613382626131,
    0.5637365550319583,
    0.5602613768481106,
    0.5590139253635626,
    0.558505445891033,
    0.5577112823897015,
    0.5534276218083553,
    0.5501289963722229,
    0.5523947408433595,
    0.5482517796100219,
    0.5463262460479846,
    0.5397016125262817
  ],
  "train_acc": [
    0.6470780742995311,
    0.6479768963218424,
    0.6958061074245872,
    0.6967539756284283,
    0.7025008869998027,
    0.7055833598092801,
    0.7069742979341849,
    0.7084703510896319,
    0.708812479338894,
    0.710308513889423,
    0.711920231753002,
    0.7137695433776503,
    0.7147267533175518,
    0.7145108304960879,
    0.7167013625189059,
    0.7236628987196553,
    0.7199346485165502,
    0.7243058268045415,
    0.7252225744930995,
    0.7303659216516969
  ],
  "train_precision": [
    0.6470780780894219,
    0.6478163251987082,
    0.7167606756866323,
    0.7258736232801669,
    0.7266382464783729,
    0.7353395912688592,
    0.7330385449993817,
    0.7333582984229733,
    0.7375440714676256,
    0.7383514103517367,
    0.7387283392724274,
    0.7371669494347766,
    0.7405005279993047,
    0.7392359307046571,
    0.7391873329361051,
    0.7473736519069341,
    0.749056756840965,
    0.7465887192012257,
    0.7528493893628865,
    0.7525776617788855
  ],
  "train_recall": [
    1.0,
    0.999010571854652,
    0.8722541535520829,
    0.8536550788521078,
    0.8518003979859324,
    0.8471644784329254,
    0.8548986133123408,
    0.8565935744026493,
    0.8458520501335233,
    0.8511585290032315,
    0.8527010520758657,
    0.8537571651301201,
    0.8467419198741114,
    0.855717921188112,
    0.8595772502739305,
    0.8500396002923822,
    0.8498913113436947,
    0.8645271166211608,
    0.8551266906578416,
    0.854002934315301
  ],
  "train_f1": [
    0.7832657257210593,
    0.7840373108754786,
    0.7827760949766462,
    0.780530730982457,
    0.7813690421887021,
    0.7822772316404232,
    0.7866742054284849,
    0.787214963701549,
    0.7842323169780425,
    0.7872859178579784,
    0.7886807530474435,
    0.7863123272472239,
    0.7866295977217389,
    0.790329912727947,
    0.7926858141664036,
    0.7925488859650692,
    0.7922109190836878,
    0.79836552195231,
    0.7969231271254766,
    0.7979801737749007
  ],
  "val_loss": [
    0.6170712780952453,
    0.5967168378829956,
    0.5834537655115127,
    0.5794369429349899,
    0.5744515144824982,
    0.5679334485530854,
    0.5664481914043427,
    0.564186971783638,
    0.5621431362628937,
    0.55944600045681,
    0.5765962553024292,
    0.5582415479421615,
    0.5578576326370239,
    0.5565000033378601,
    0.5543529528379441,
    0.5558737206459046,
    0.5529519546031952,
    0.5472260922193527,
    0.5452454990148544,
    0.5455152785778046
  ],
  "val_acc": [
    0.6518529820442199,
    0.6756147015094757,
    0.6986873030662537,
    0.6957773733139038,
    0.703026180267334,
    0.7082464945316315,
    0.7068439912796021,
    0.71017303109169,
    0.7113283753395081,
    0.7140608239173889,
    0.7040486013889313,
    0.715448522567749,
    0.7126331341266632,
    0.7168897914886475,
    0.7155175435543061,
    0.7170469784736633,
    0.7192768621444702,
    0.7243974506855011,
    0.7255950748920441,
    0.725620721578598
  ],
  "val_precision": [
    0.6518529856204986,
    0.6786528408527375,
    0.7200582313537598,
    0.7063190627098084,
    0.7095054733753204,
    0.7312042272090912,
    0.719498736858368,
    0.7356024312973023,
    0.7400786876678467,
    0.7361131644248963,
    0.70838174700737,
    0.7447583901882172,
    0.7242447078227997,
    0.7325818252563476,
    0.7418667495250701,
    0.7302689397335053,
    0.7307803499698639,
    0.7546993529796601,
    0.7506373012065888,
    0.7340313613414764
  ],
  "val_recall": [
    1.0,
    0.9500955677032471,
    0.8731637537479401,
    0.9060075771808624,
    0.9164064586162567,
    0.8696090769767761,
    0.8963884687423707,
    0.8608929085731506,
    0.8520042133331299,
    0.8659822106361389,
    0.921796464920044,
    0.8474363136291504,
    0.8960055112838745,
    0.8838762104511261,
    0.8541907835006713,
    0.8916720199584961,
    0.8944231975078583,
    0.846269668340683,
    0.859532345533371,
    0.9010783457756042
  ],
  "val_f1": [
    0.7871919849386262,
    0.7898199643340366,
    0.7867285147275237,
    0.7918958714645075,
    0.7978061283022782,
    0.790929036821199,
    0.7959470787536169,
    0.7904547332564449,
    0.7893367621149491,
    0.7934610951962937,
    0.79938695080677,
    0.7903201269075913,
    0.7990349954569641,
    0.7990407361598447,
    0.7915322533613613,
    0.8008059602275958,
    0.8027634305090742,
    0.7957122821321788,
    0.7992608692840873,
    0.8076843907281025
  ]
}